"","nsnps","PP.H0.abf","PP.H1.abf","PP.H2.abf","PP.H3.abf","PP.H4.abf"
"1",2928,2.04386647686528e-198,9.51080244969983e-196,1.56520235996597e-05,0.00628972168683114,0.993694626289545
