"","nsnps","PP.H0.abf","PP.H1.abf","PP.H2.abf","PP.H3.abf","PP.H4.abf"
"1",3175,1.50577291747047e-197,3.25376862452283e-196,0.00217962970060434,0.0461471333003023,0.951673236999083
