"","nsnps","PP.H0.abf","PP.H1.abf","PP.H2.abf","PP.H3.abf","PP.H4.abf"
"1",2769,1.83782461141146e-72,2.31562511074928e-72,0.0120624219226219,0.0142247162630539,0.97371286181432
