"","nsnps","PP.H0.abf","PP.H1.abf","PP.H2.abf","PP.H3.abf","PP.H4.abf"
"1",3278,2.14555625931307e-70,3.07245026970284e-70,0.0658563500124822,0.0934660363115403,0.840677613675988
