"","nsnps","PP.H0.abf","PP.H1.abf","PP.H2.abf","PP.H3.abf","PP.H4.abf"
"1",2848,4.76735695718481e-45,3.10205466877127e-43,0.001316355428523,0.0847395225574249,0.913944122014049
