"","nsnps","PP.H0.abf","PP.H1.abf","PP.H2.abf","PP.H3.abf","PP.H4.abf"
"1",1308,1.2955702679902e-89,9.95216509319324e-90,0.0072608976299122,0.00458944452774805,0.988149657842327
