"","nsnps","PP.H0.abf","PP.H1.abf","PP.H2.abf","PP.H3.abf","PP.H4.abf"
"1",2005,5.20790374672232e-197,3.11668337329472e-196,0.00333380144301418,0.018973527690778,0.977692670866195
