"","nsnps","PP.H0.abf","PP.H1.abf","PP.H2.abf","PP.H3.abf","PP.H4.abf"
"1",1129,5.55039958652148e-126,1.01046849217852e-122,3.90297734891667e-05,0.0701251499566848,0.929835820269834
