"","nsnps","PP.H0.abf","PP.H1.abf","PP.H2.abf","PP.H3.abf","PP.H4.abf"
"1",2221,2.64386307336171e-201,5.29832635655354e-196,2.94067221552881e-07,0.0579893361984931,0.942010369734282
