"","nsnps","PP.H0.abf","PP.H1.abf","PP.H2.abf","PP.H3.abf","PP.H4.abf"
"1",3796,0,1.80832181657533e-195,1.81410347569945e-196,0.20637960142466,0.793620398575376
