"","nsnps","PP.H0.abf","PP.H1.abf","PP.H2.abf","PP.H3.abf","PP.H4.abf"
"1",2663,1.60423717305853e-05,0.00040794740417106,0.000338369493110601,0.00761289824721701,0.991624742483772
