"","nsnps","PP.H0.abf","PP.H1.abf","PP.H2.abf","PP.H3.abf","PP.H4.abf"
"1",1589,4.65440854652848e-243,2.61607748490014e-196,1.69652501489199e-48,0.094450086568864,0.905549913431128
