"","nsnps","PP.H0.abf","PP.H1.abf","PP.H2.abf","PP.H3.abf","PP.H4.abf"
"1",2024,1.35347984252783e-199,2.50560065175818e-196,1.86159085640595e-05,0.0334958175765172,0.966485566514922
