"","nsnps","PP.H0.abf","PP.H1.abf","PP.H2.abf","PP.H3.abf","PP.H4.abf"
"1",3373,6.44523475285727e-103,3.53194737735116e-100,0.000124983658278537,0.0675579274088212,0.932317088932899
