"","nsnps","PP.H0.abf","PP.H1.abf","PP.H2.abf","PP.H3.abf","PP.H4.abf"
"1",3179,4.11987257841229e-197,3.73478120426378e-196,0.00384718227480863,0.0339135579301981,0.962239259795006
