"","nsnps","PP.H0.abf","PP.H1.abf","PP.H2.abf","PP.H3.abf","PP.H4.abf"
"1",1166,4.19513787301985e-32,7.63738855324589e-29,2.52950357524121e-05,0.0450955779394447,0.954879127024797
