"","nsnps","PP.H0.abf","PP.H1.abf","PP.H2.abf","PP.H3.abf","PP.H4.abf"
"1",889,2.22408660449884e-195,5.00091152510874e-196,0.0748080858245711,0.015911495256574,0.909280418918856
