"","nsnps","PP.H0.abf","PP.H1.abf","PP.H2.abf","PP.H3.abf","PP.H4.abf"
"1",2535,1.17144810857607e-72,1.60928194362575e-72,0.0189110562749549,0.0250230800971499,0.956065863627884
