"","nsnps","PP.H0.abf","PP.H1.abf","PP.H2.abf","PP.H3.abf","PP.H4.abf"
"1",3029,5.93105232649664e-201,3.13801484038905e-196,8.29379916860525e-07,0.0429239486530358,0.957075221967056
