"","nsnps","PP.H0.abf","PP.H1.abf","PP.H2.abf","PP.H3.abf","PP.H4.abf"
"1",3155,1.43120898724318e-73,2.36709252499885e-70,4.37169001780117e-05,0.0713752883561733,0.928580994743638
