"","nsnps","PP.H0.abf","PP.H1.abf","PP.H2.abf","PP.H3.abf","PP.H4.abf"
"1",1138,2.07973928074693e-93,1.45901414997396e-89,1.16871932260576e-06,0.00720620637855653,0.99279262490211
