"","nsnps","PP.H0.abf","PP.H1.abf","PP.H2.abf","PP.H3.abf","PP.H4.abf"
"1",494,1.3001509616498e-60,3.33793025541932e-50,5.24573958738333e-12,0.133809808190406,0.866190191804361
