"","nsnps","PP.H0.abf","PP.H1.abf","PP.H2.abf","PP.H3.abf","PP.H4.abf"
"1",1889,1.65497763558319e-198,3.02575313374951e-196,0.000105721608115354,0.0183472632468356,0.981547015145058
