"","nsnps","PP.H0.abf","PP.H1.abf","PP.H2.abf","PP.H3.abf","PP.H4.abf"
"1",2007,1.51442014027327e-203,5.14015490890491e-196,1.58791444095754e-09,0.0529489979991488,0.947051000412928
