"","nsnps","PP.H0.abf","PP.H1.abf","PP.H2.abf","PP.H3.abf","PP.H4.abf"
"1",3722,0,1.3996885972668e-195,2.07303540535921e-196,0.198911260792186,0.801088739207803
