"","nsnps","PP.H0.abf","PP.H1.abf","PP.H2.abf","PP.H3.abf","PP.H4.abf"
"1",2386,1.42021151169465e-06,0.000240955913393797,2.96320640872938e-05,0.00403173875158836,0.995696253059418
