"","nsnps","PP.H0.abf","PP.H1.abf","PP.H2.abf","PP.H3.abf","PP.H4.abf"
"1",1474,1.55886715923911e-246,2.69833877138056e-196,5.40120476577719e-52,0.0925853512054485,0.907414648794521
