"","nsnps","PP.H0.abf","PP.H1.abf","PP.H2.abf","PP.H3.abf","PP.H4.abf"
"1",1824,2.62166009997247e-200,2.54341232700491e-196,3.55270574223513e-06,0.033500197503214,0.966496249791032
