"","nsnps","PP.H0.abf","PP.H1.abf","PP.H2.abf","PP.H3.abf","PP.H4.abf"
"1",3097,5.51979587455923e-115,1.15880477436536e-100,1.06642783727883e-16,0.0214095865669967,0.978590413433
