"","nsnps","PP.H0.abf","PP.H1.abf","PP.H2.abf","PP.H3.abf","PP.H4.abf"
"1",2990,8.08100937807801e-199,3.3329073207562e-196,7.85303886382457e-05,0.0314203373096237,0.968501132301727
