"","nsnps","PP.H0.abf","PP.H1.abf","PP.H2.abf","PP.H3.abf","PP.H4.abf"
"1",2077,6.6406605596298e-72,1.45485047836103e-72,0.106276682717106,0.0224120174143801,0.871311299868523
