"","nsnps","PP.H0.abf","PP.H1.abf","PP.H2.abf","PP.H3.abf","PP.H4.abf"
"1",2433,6.26639640403157e-198,2.99012946131832e-196,0.00075150985358471,0.0348953596739882,0.964353130472452
