"","nsnps","PP.H0.abf","PP.H1.abf","PP.H2.abf","PP.H3.abf","PP.H4.abf"
"1",2454,1.47048963856928e-71,2.41388110886525e-70,0.00381700035214863,0.0617234797196021,0.93445951992826
