"","nsnps","PP.H0.abf","PP.H1.abf","PP.H2.abf","PP.H3.abf","PP.H4.abf"
"1",715,3.05909479434092e-91,2.85044833110435e-89,0.00017209096835544,0.0150505679661263,0.984777341065517
