"","nsnps","PP.H0.abf","PP.H1.abf","PP.H2.abf","PP.H3.abf","PP.H4.abf"
"1",330,2.4995523159875e-54,1.11321984498325e-50,1.35582858469902e-05,0.0594436819363236,0.940542759777833
