"","nsnps","PP.H0.abf","PP.H1.abf","PP.H2.abf","PP.H3.abf","PP.H4.abf"
"1",1223,9.24746784323959e-196,3.10012072363177e-196,0.0485452133802228,0.0153381786460707,0.936116607973724
