"","nsnps","PP.H0.abf","PP.H1.abf","PP.H2.abf","PP.H3.abf","PP.H4.abf"
"1",1505,1.10239655229538e-198,5.3301298992407e-196,0.000105646947027264,0.0501309434323103,0.949763409620686
