"","nsnps","PP.H0.abf","PP.H1.abf","PP.H2.abf","PP.H3.abf","PP.H4.abf"
"1",2637,0,1.1630504470397e-195,9.27069350543131e-195,0.0382983093782131,0.96170169062175
