"","nsnps","PP.H0.abf","PP.H1.abf","PP.H2.abf","PP.H3.abf","PP.H4.abf"
"1",1866,0.00176039521129776,0.000646087498528556,0.0366437350693459,0.012500268692336,0.948449513528491
