"","nsnps","PP.H0.abf","PP.H1.abf","PP.H2.abf","PP.H3.abf","PP.H4.abf"
"1",1142,4.77610367026372e-221,2.57110551536846e-196,1.49609235489363e-26,0.0796183078073033,0.920381692192702
