"","nsnps","PP.H0.abf","PP.H1.abf","PP.H2.abf","PP.H3.abf","PP.H4.abf"
"1",1387,1.14877998929125e-195,6.30881027399697e-196,0.141561413281478,0.0769604835288884,0.781478103189634
