"","nsnps","PP.H0.abf","PP.H1.abf","PP.H2.abf","PP.H3.abf","PP.H4.abf"
"1",2331,5.43568169521932e-112,1.287163996333e-100,1.04300967938474e-13,0.0237220871203712,0.9762779128795
