"","nsnps","PP.H0.abf","PP.H1.abf","PP.H2.abf","PP.H3.abf","PP.H4.abf"
"1",2368,4.78557499215592e-196,3.58968201028892e-196,0.0415050119222036,0.030204811881168,0.928290176196645
