"","nsnps","PP.H0.abf","PP.H1.abf","PP.H2.abf","PP.H3.abf","PP.H4.abf"
"1",1716,8.69976514458476e-24,2.72749343382235e-24,0.0574393191783629,0.0170825212862575,0.925478159535376
