"","nsnps","PP.H0.abf","PP.H1.abf","PP.H2.abf","PP.H3.abf","PP.H4.abf"
"1",3764,2.62501563145312e-102,2.42598858494321e-100,0.00050903352513562,0.0460904916275709,0.953400474847296
