"","nsnps","PP.H0.abf","PP.H1.abf","PP.H2.abf","PP.H3.abf","PP.H4.abf"
"1",2761,5.60731821208728e-163,2.68194825232981e-160,0.000442651162145795,0.210928892434358,0.788628456403519
