"","nsnps","PP.H0.abf","PP.H1.abf","PP.H2.abf","PP.H3.abf","PP.H4.abf"
"1",3211,2.04240838100361e-101,7.90714830392489e-100,0.00390605970635983,0.15037670071287,0.845717239580782
